SQ_CANDIDATO;CD_GENERO_N;CD_GRAU_INSTRUCAO_N;NR_PARTIDO_N;CD_OCUPACAO_N;CD_SITUCAO_N;CARGO_N;RECEITA_TOTAL_N;QTD_VOTOS_N;CUSTO_VOTO_N;DESPESA_CONTRATADA_N;VR_TOTAL_BEM_CANDIDATO_N
50000608076;0.2;0.8;0.15;0.257;0.4;0.6;0.024551;0.055743;4.40432e-05;0.245490027;0.009258397
130000624459;0.4;0.8;0.19;0.277;0.5;0.6;0.02499915;0.036234;6.89936e-05;0.24717503899999999;0.037586761
160000623134;0.2;0.7;0.33;0.257;0.5;0.6;0.02372127;0.034206;6.93483e-05;0.236241007;0.033589671
170000603098;0.2;0.8;0.2;0.257;0.5;0.7;0.00170259;0.009245;1.8416300000000002e-05;0.016805855;2e-05
110000621222;0.2;0.6;0.1;0.999;0.5;0.7;0.00011075;0.000268;4.13246e-05;0.00059675;0.000166
190000608726;0.2;0.8;0.45;0.131;0.5;0.7;0.00360312;0.007208;4.9987799999999996e-05;0.03444184;0.000264
220000607248;0.2;0.6;0.9;0.233;0.5;0.7;5.329e-05;0.000148;3.6006799999999995e-05;0.0;0.0002045
240000619247;0.2;0.7;0.4;0.257;0.5;0.6;0.02126968;0.019837;0.00010722229999999999;0.20973334899999999;0.017436383
60000612049;0.4;0.4;0.43;0.169;0.5;0.7;7.6e-05;0.000155;4.9032299999999995e-05;0.00059932;0.0
80000622505;0.4;0.8;0.12;0.134;0.5;0.7;0.00380413;0.014631;2.6000500000000003e-05;0.039966044;0.0010626
250000618603;0.4;0.8;0.44;0.297;0.4;0.7;0.0001745;0.00035;4.98571e-05;0.0;0.0
190000610770;0.2;0.4;0.65;0.999;0.5;0.7;2.322e-05;5.2e-05;4.46538e-05;0.0;0.0
30000602689;0.2;0.8;0.31;0.999;0.5;0.6;0.001815;0.002317;7.833409999999999e-05;0.01797724;0.000551
50000607767;0.4;0.5;0.51;0.999;0.5;0.7;1.122e-05;2.4e-05;4.675e-05;0.0;0.0
270000626096;0.2;0.8;0.18;0.395;0.5;0.7;8.4e-05;0.000254;3.30709e-05;0.00057;6.3e-05
130000610186;0.4;0.2;0.36;0.169;0.5;0.6;2.694e-05;5.2e-05;5.18077e-05;0.0002;5e-07
130000606504;0.2;0.8;0.7;0.599;0.5;0.6;0.00015077;0.000332;4.5412700000000007e-05;0.000536;0.00013
190000618384;0.2;0.8;0.15;0.999;0.5;0.7;0.00080106;0.002849;2.81172e-05;0.006;0.0002
210000603548;0.2;0.6;0.25;0.257;0.5;0.7;8.647e-05;0.000694;1.24597e-05;0.000210003;0.00018
90000608291;0.2;0.8;0.2;0.234;0.5;0.7;0.00414537;0.004324;9.586889999999999e-05;0.040518702000000004;0.007503317
10000600839;0.2;0.6;0.9;0.531;0.5;0.6;7.74e-05;0.000214;3.6168200000000004e-05;0.00075018;0.0
120000625694;0.2;0.6;0.15;0.999;0.5;0.7;7.06e-05;0.000164;4.30488e-05;0.00049832;7.745e-06
230000602393;0.4;0.8;0.15;0.277;0.5;0.6;0.0248659;0.004555;0.0005459034;0.244686525;0.002202554
250000619461;0.4;0.8;0.22;0.115;0.5;0.6;0.00951393;0.007417;0.00012827190000000001;0.089311172;0.000995736
