SQ_CANDIDATO;CD_GENERO_N;CD_GRAU_INSTRUCAO_N;NR_PARTIDO_N;CD_OCUPACAO_N;CD_SITUCAO_N;CARGO_N;RECEITA_TOTAL_N;QTD_VOTOS_N;CUSTO_VOTO_N;DESPESA_CONTRATADA_N;VR_TOTAL_BEM_CANDIDATO_N
50000608076;0.2;0.8;0.15;0.257;0.4;0.6;0.024551;0.055743;4.40432e-05;0.245490027;0.009258397
70000614521;0.2;0.8;0.15;0.101;0.5;0.6;0.02186611;0.027917;7.83254e-05;0.20658661;0.010120521
250000615335;0.4;0.8;0.14;0.131;0.5;0.7;0.00025;0.000605;4.1322299999999996e-05;0.002495919;0.0
220000615594;0.2;0.8;0.4;0.101;0.5;0.7;0.00010305;0.000231;4.46104e-05;0.00100264;0.0017064270000000002
90000610605;0.2;0.8;0.15;0.923;0.5;0.7;8.005e-05;0.000116;6.90086e-05;0.0007;0.00051
250000603998;0.2;0.8;0.15;0.171;0.5;0.6;0.00111892;0.002161;5.17779e-05;0.009030528000000001;0.00026839400000000003
80000627619;0.4;0.6;0.14;0.129;0.4;0.6;0.00013365;0.000405;3.3e-05;0.00101;0.0
130000626670;0.4;0.6;0.31;0.999;0.5;0.6;0.00017745;0.000362;4.90193e-05;0.001695;0.0
50000608114;0.2;0.6;0.15;0.999;0.4;0.6;0.000311;0.000624;4.98397e-05;0.00303759;0.0
240000619247;0.2;0.7;0.4;0.257;0.5;0.6;0.02126968;0.019837;0.00010722229999999999;0.20973334899999999;0.017436383
250000608507;0.4;0.5;0.31;0.257;0.5;0.7;5e-05;7.2e-05;6.94444e-05;0.0005;0.0
240000609633;0.4;0.6;0.45;0.999;0.5;0.6;0.00029724;0.001142;2.6028000000000002e-05;0.002487798;0.0
