SQ_CANDIDATO;NR_VOTAVEL;CARGO_N;SITUCAO_N;RECEITA_TOTAL;QTD_VOTOS;CUSTO_VOTO;VR_TOTAL_BEM_CANDIDATO;Recursos_partido;Recursos_proprios;Recursos_outros_candidatos;Recursos_pessoas_fisicas;Rendimentos_aplicacoes;Financiamento_Coletivo;origens_nao_identificadas;Comercio_bens_ou_eventos;Doacoes_Internet;DESPESA_CONTRATADA
170000605128;14.0;0.3;0.4;0.681838092;0.1361588;0.0005007668193315452;0.167547205;0.3169;0.121655;0.48917;0.194326;0.0;0.00040092;0.0;0.0;0.0;0.68182878
170000607349;5088.0;0.6;0.4;0.000573;0.0002311;0.00024794461272176547;0.0;0.000573;0.0;0.0;0.0;0.0;0.0;0.0;0.0;0.0;0.00044332
170000626609;3633.0;0.6;0.4;0.00010196700000000001;3.289999999999999e-05;0.00030993009118541033;0.0;0.0001;0.0;0.0;0.0;0.0;1.9670000000000006e-05;0.0;0.0;0.0;1.967e-06
170000614073;1133.0;0.6;0.5;0.180988035;0.0036327;0.004982190519448344;0.322351121;0.17940799999999998;0.0;0.0;0.001580035;0.0;0.0;0.0;0.0;0.0;0.21034003499999987
170000617155;28911.0;0.7;0.5;7.5e-05;0.000105;7.142857142857143e-05;8e-05;0.0;7.5e-05;0.0;0.0;0.0;0.0;0.0;0.0;0.0;7.5e-05
